{"te_rmse": [9.142660927048142, 9.250546475374382, 9.296886097703833, 8.960664582214694, 8.456411264683167], "te_mae": [7.3115223129115074, 7.244427195801722, 7.424989387474683, 7.137270768398381, 6.66581610689058], "te_mdae": [6.254551594724191, 5.977897959865217, 6.390087231483264, 6.0762831200812, 5.3869137841415125], "te_mape": [0.05695110142113954, 0.05627800941691244, 0.05759305238092461, 0.0561403088796722, 0.05166834636752828], "te_maxerr": [31.303509265616228, 32.9443650439532, 30.911916388048454, 30.2323062122303, 30.072081041596192], "te_r2": [0.3688891354460624, 0.3856377438869244, 0.3259309379114529, 0.24903529612370368, 0.3805291815234315], "te_cscore_ci0.95": [0.9572001783325903, 0.9454456892352655, 0.8622222222222222, 0.9773232547799022, 0.9816831683168317], "te_cscore_ci0.90": [0.9059295586268391, 0.9176814417924988, 0.8105050505050505, 0.9595375722543352, 0.9529702970297029], "te_cscore_ci0.68": [0.7133303611234953, 0.717486604968339, 0.637979797979798, 0.6931969764339706, 0.8178217821782178], "tr_rmse": [9.142660927048142, 9.250546475374382, 9.296886097703833, 8.960664582214694, 8.456411264683167], "tr_mae": [7.3115223129115074, 7.244427195801722, 7.424989387474683, 7.137270768398381, 6.66581610689058], "tr_mdae": [6.254551594724191, 5.977897959865217, 6.390087231483264, 6.0762831200812, 5.3869137841415125], "tr_mape": [0.05695110142113954, 0.05627800941691244, 0.05759305238092461, 0.0561403088796722, 0.05166834636752828], "tr_maxerr": [31.303509265616228, 32.9443650439532, 30.911916388048454, 30.2323062122303, 30.072081041596192], "tr_r2": [0.3688891354460624, 0.3856377438869244, 0.3259309379114529, 0.24903529612370368, 0.3805291815234315], "of_rmse": [0.0, 0.0, 0.0, 0.0, 0.0], "of_mae": [0.0, 0.0, 0.0, 0.0, 0.0], "of_mdae": [0.0, 0.0, 0.0, 0.0, 0.0], "of_mape": [0.0, 0.0, 0.0, 0.0, 0.0], "of_maxerr": [0.0, 0.0, 0.0, 0.0, 0.0], "of_r2": [0.0, 0.0, 0.0, 0.0, 0.0], "tr_cscore_ci0.95": [0.9572001783325903, 0.9454456892352655, 0.8622222222222222, 0.9773232547799022, 0.9816831683168317], "tr_cscore_ci0.90": [0.9059295586268391, 0.9176814417924988, 0.8105050505050505, 0.9595375722543352, 0.9529702970297029], "tr_cscore_ci0.68": [0.7133303611234953, 0.717486604968339, 0.637979797979798, 0.6931969764339706, 0.8178217821782178], "holdout_yr": [2017, 2018, 2021, 2019, 2020], "exp_name": ["cv3mdl_w_cp", "cv3mdl_w_cp", "cv3mdl_w_cp", "cv3mdl_w_cp", "cv3mdl_w_cp"], "mdl_name": ["huber", "huber", "huber", "huber", "huber"], "epsilon": [5.1, 5.1, 5.1, 5.1, 5.1], "subset": ["high_pd", "high_pd", "high_pd", "high_pd", "high_pd"], "rmdl_name": ["huber_5.100_high_pd", "huber_5.100_high_pd", "huber_5.100_high_pd", "huber_5.100_high_pd", "huber_5.100_high_pd"]}