{"te_rmse": [9.782602352896815, 10.501739491047088, 10.33476923532141, 9.898015244157804, 9.484061281112433], "te_mae": [7.8931809499783165, 8.590236097611417, 8.425868096826735, 8.035183707382831, 7.598399471180953], "te_mdae": [6.795445247579522, 7.600694822755997, 7.377572871392175, 6.962310470051307, 6.313446771732558], "te_mape": [0.06779548415006528, 0.07389452372084739, 0.07244224412516408, 0.06959073245730658, 0.06663853067695374], "te_maxerr": [34.52814244346146, 35.90526403127805, 34.74703233653861, 34.54729643281124, 36.37979699903018], "te_r2": [0.5470065311517877, 0.5480285447629201, 0.4890528171324635, 0.5397178436365916, 0.36938119468753505], "te_cscore_ci0.95": [0.9743414300376325, 0.9112513924990717, 0.9232472324723248, 0.9652875175315568, 0.9871692060946271], "te_cscore_ci0.90": [0.9633937735203558, 0.8410694392870405, 0.8306273062730627, 0.9474053295932678, 0.9775461106655974], "te_cscore_ci0.68": [0.8347588094423537, 0.5373189751206833, 0.6140221402214022, 0.7300140252454418, 0.8063352044907779], "tr_rmse": [9.782602352896815, 10.501739491047088, 10.33476923532141, 9.898015244157804, 9.484061281112433], "tr_mae": [7.8931809499783165, 8.590236097611417, 8.425868096826735, 8.035183707382831, 7.598399471180953], "tr_mdae": [6.795445247579522, 7.600694822755997, 7.377572871392175, 6.962310470051307, 6.313446771732558], "tr_mape": [0.06779548415006528, 0.07389452372084739, 0.07244224412516408, 0.06959073245730658, 0.06663853067695374], "tr_maxerr": [34.52814244346146, 35.90526403127805, 34.74703233653861, 34.54729643281124, 36.37979699903018], "tr_r2": [0.5470065311517877, 0.5480285447629201, 0.4890528171324635, 0.5397178436365916, 0.36938119468753505], "of_rmse": [0.0, 0.0, 0.0, 0.0, 0.0], "of_mae": [0.0, 0.0, 0.0, 0.0, 0.0], "of_mdae": [0.0, 0.0, 0.0, 0.0, 0.0], "of_mape": [0.0, 0.0, 0.0, 0.0, 0.0], "of_maxerr": [0.0, 0.0, 0.0, 0.0, 0.0], "of_r2": [0.0, 0.0, 0.0, 0.0, 0.0], "tr_cscore_ci0.95": [0.9743414300376325, 0.9112513924990717, 0.9232472324723248, 0.9652875175315568, 0.9871692060946271], "tr_cscore_ci0.90": [0.9633937735203558, 0.8410694392870405, 0.8306273062730627, 0.9474053295932678, 0.9775461106655974], "tr_cscore_ci0.68": [0.8347588094423537, 0.5373189751206833, 0.6140221402214022, 0.7300140252454418, 0.8063352044907779], "holdout_yr": [2021, 2018, 2017, 2020, 2019], "exp_name": ["cv3mdl_w_cp", "cv3mdl_w_cp", "cv3mdl_w_cp", "cv3mdl_w_cp", "cv3mdl_w_cp"], "mdl_name": ["huber", "huber", "huber", "huber", "huber"], "epsilon": [5.1, 5.1, 5.1, 5.1, 5.1], "subset": ["mid_pd", "mid_pd", "mid_pd", "mid_pd", "mid_pd"], "rmdl_name": ["huber_5.100_mid_pd", "huber_5.100_mid_pd", "huber_5.100_mid_pd", "huber_5.100_mid_pd", "huber_5.100_mid_pd"]}