{"te_rmse": [9.910874876979987, 10.18716353789977, 10.451021089725732, 9.488082445830312, 10.085712976795644], "te_mae": [7.638095377890685, 7.8983068717723315, 8.103751081504328, 7.383601020753083, 7.809525277195414], "te_mdae": [6.416914322359375, 6.5664989489310415, 6.754511557710941, 6.1171353920659755, 6.360898626794622], "te_mape": [0.08380780754099125, 0.08322617353339982, 0.08679305894685799, 0.07971082010148066, 0.08552216320568143], "te_maxerr": [34.52268213250666, 33.36440018245486, 36.104621168552455, 34.96076872522259, 34.94948159100814], "te_r2": [0.6622722245594024, 0.6249077114938895, 0.6753406684678711, 0.701041053135023, 0.6365169689221437], "te_cscore_ci0.95": [0.9640831758034026, 0.9046849757673667, 0.9388794567062818, 0.9835255354200988, 0.9490740740740741], "te_cscore_ci0.90": [0.8865784499054821, 0.8804523424878837, 0.8930390492359932, 0.9686985172981878, 0.9058641975308642], "te_cscore_ci0.68": [0.7069943289224953, 0.7705977382875606, 0.5942275042444821, 0.7825370675453048, 0.7052469135802469], "tr_rmse": [9.910874876979987, 10.18716353789977, 10.451021089725732, 9.488082445830312, 10.085712976795644], "tr_mae": [7.638095377890685, 7.8983068717723315, 8.103751081504328, 7.383601020753083, 7.809525277195414], "tr_mdae": [6.416914322359375, 6.5664989489310415, 6.754511557710941, 6.1171353920659755, 6.360898626794622], "tr_mape": [0.08380780754099125, 0.08322617353339982, 0.08679305894685799, 0.07971082010148066, 0.08552216320568143], "tr_maxerr": [34.52268213250666, 33.36440018245486, 36.104621168552455, 34.96076872522259, 34.94948159100814], "tr_r2": [0.6622722245594024, 0.6249077114938895, 0.6753406684678711, 0.701041053135023, 0.6365169689221437], "of_rmse": [0.0, 0.0, 0.0, 0.0, 0.0], "of_mae": [0.0, 0.0, 0.0, 0.0, 0.0], "of_mdae": [0.0, 0.0, 0.0, 0.0, 0.0], "of_mape": [0.0, 0.0, 0.0, 0.0, 0.0], "of_maxerr": [0.0, 0.0, 0.0, 0.0, 0.0], "of_r2": [0.0, 0.0, 0.0, 0.0, 0.0], "tr_cscore_ci0.95": [0.9640831758034026, 0.9046849757673667, 0.9388794567062818, 0.9835255354200988, 0.9490740740740741], "tr_cscore_ci0.90": [0.8865784499054821, 0.8804523424878837, 0.8930390492359932, 0.9686985172981878, 0.9058641975308642], "tr_cscore_ci0.68": [0.7069943289224953, 0.7705977382875606, 0.5942275042444821, 0.7825370675453048, 0.7052469135802469], "holdout_yr": [2018, 2021, 2017, 2020, 2019], "exp_name": ["cv3mdl_w_cp", "cv3mdl_w_cp", "cv3mdl_w_cp", "cv3mdl_w_cp", "cv3mdl_w_cp"], "mdl_name": ["huber", "huber", "huber", "huber", "huber"], "epsilon": [5.1, 5.1, 5.1, 5.1, 5.1], "subset": ["low_pd", "low_pd", "low_pd", "low_pd", "low_pd"], "rmdl_name": ["huber_5.100_low_pd", "huber_5.100_low_pd", "huber_5.100_low_pd", "huber_5.100_low_pd", "huber_5.100_low_pd"]}